req_rate,unique_sources,ip_entropy,reg_ratio,pdu_setup_ratio,pdu_release_ratio,mean_session_duration,label
2.4,54,5.617502258236519,0.4305555555555556,0.3611111111111111,0.18055555555555555,110.0615738492486,0
2.533333333333333,54,5.602933434382354,0.25,0.39473684210526316,0.3026315789473684,152.28290109125285,0
1.0333333333333334,27,4.6717805845106355,0.25806451612903225,0.2903225806451613,0.3548387096774194,140.0702329938518,0
1.2333333333333334,34,5.04729120346679,0.24324324324324326,0.43243243243243246,0.2702702702702703,150.73347513645345,0
2.0,45,5.369146220500345,0.26666666666666666,0.4666666666666667,0.26666666666666666,111.904991318494,0
0.9,24,4.532665279941249,0.3333333333333333,0.3333333333333333,0.3333333333333333,253.05170593914096,0
1.2666666666666666,34,5.0374011976541135,0.18421052631578946,0.42105263157894735,0.3157894736842105,131.41376472976,0
1.4,33,4.963745994207333,0.30952380952380953,0.2619047619047619,0.38095238095238093,178.3788518935192,0
2.566666666666667,57,5.701724527651697,0.2597402597402597,0.5454545454545454,0.19480519480519481,127.4227151950724,0
1.6666666666666667,39,5.173660689688187,0.26,0.48,0.18,180.49340114899968,0
4.9,107,6.589816967341499,0.40816326530612246,0.29931972789115646,0.22448979591836735,115.42147019727486,1
1.0,26,4.61506101220307,0.13333333333333333,0.36666666666666664,0.43333333333333335,70.35905796672893,0
1.3,34,5.028991962451991,0.2564102564102564,0.358974358974359,0.3076923076923077,127.76656412322662,0
3.1666666666666665,66,5.86849570850894,0.2631578947368421,0.3157894736842105,0.4,88.94786199649559,0
0.9333333333333333,27,4.735926350629034,0.39285714285714285,0.35714285714285715,0.21428571428571427,100.0316747050548,0
2.4,48,5.392147223664535,0.3055555555555556,0.375,0.25,114.80343167809549,0
1.1,30,4.8625759375402735,0.24242424242424243,0.45454545454545453,0.2727272727272727,174.5859827780946,0
4.333333333333333,81,6.17764829358134,0.3923076923076923,0.3384615384615385,0.2153846153846154,139.91092648996917,1
0.8,22,4.418295834054489,0.4166666666666667,0.375,0.125,122.21615931911788,0
1.3333333333333333,34,5.021928094887364,0.125,0.25,0.6,112.23592895793975,0
1.3666666666666667,37,5.16243005339857,0.24390243902439024,0.3902439024390244,0.2926829268292683,195.4064665375846,0
1.3,34,5.009635872652928,0.3076923076923077,0.20512820512820512,0.41025641025641024,93.13647871532673,0
0.8,24,4.584962500721156,0.2916666666666667,0.3333333333333333,0.375,138.4965964938572,0
3.5,85,6.311724922366207,0.44761904761904764,0.29523809523809524,0.2,82.5051542871907,1
1.0666666666666667,26,4.625,0.375,0.28125,0.28125,103.74931920953446,0
0.8,21,4.334962500721156,0.3333333333333333,0.375,0.25,120.23937121449184,0
2.2,47,5.404020445017695,0.30303030303030304,0.3484848484848485,0.3181818181818182,90.24746062429065,0
0.9666666666666667,24,4.513153408920675,0.3448275862068966,0.27586206896551724,0.3448275862068966,84.34439943967219,0
1.5333333333333334,36,5.055958151615121,0.34782608695652173,0.34782608695652173,0.2826086956521739,144.8665811262711,0
2.4,56,5.704511459715549,0.2222222222222222,0.3194444444444444,0.4305555555555556,119.4045242649008,0
2.9,58,5.70426921416493,0.3218390804597701,0.2988505747126437,0.3563218390804598,108.77194976685395,0
1.4333333333333333,35,4.970226604133799,0.27906976744186046,0.3953488372093023,0.3023255813953488,151.96382019571544,0
0.9,24,4.504706483564823,0.3333333333333333,0.3333333333333333,0.3333333333333333,94.26215627144002,0
1.5,37,5.102746985122408,0.3111111111111111,0.3111111111111111,0.28888888888888886,65.91782484463617,0
4.5,85,6.233012611878725,0.4740740740740741,0.3111111111111111,0.1925925925925926,118.10054398795258,1
4.0,90,6.377642470572467,0.48333333333333334,0.2833333333333333,0.2,127.06208370377993,1
3.9,90,6.365924121218839,0.4358974358974359,0.28205128205128205,0.23931623931623933,115.2021369406286,1
4.266666666666667,93,6.402114648336088,0.5,0.2578125,0.21875,130.64897507289774,1
3.466666666666667,74,6.041503900708589,0.4519230769230769,0.2692307692307692,0.27884615384615385,98.35609495916594,1
3.0,75,6.158519762996332,0.45555555555555555,0.3,0.18888888888888888,100.46145574607793,1
0.8666666666666667,23,4.440636352673266,0.2692307692307692,0.34615384615384615,0.38461538461538464,196.5281187040504,0
2.066666666666667,47,5.445974132897731,0.43548387096774194,0.3225806451612903,0.20967741935483872,182.9671408432004,0
1.9666666666666666,44,5.3613737696641515,0.2711864406779661,0.4067796610169492,0.288135593220339,96.99071514560671,0
3.3333333333333335,80,6.221209564709831,0.41,0.32,0.2,136.93184747921262,1
3.8333333333333335,75,6.058278529092377,0.2608695652173913,0.3217391304347826,0.3739130434782609,113.88360767288529,0
1.3,36,5.131556065016094,0.38461538461538464,0.358974358974359,0.23076923076923078,211.85661750678216,0
1.5333333333333334,40,5.262692390839619,0.2391304347826087,0.2826086956521739,0.45652173913043476,145.96249752144826,0
3.1666666666666665,77,6.161909424097647,0.4,0.29473684210526313,0.25263157894736843,96.67689383620866,1
3.3333333333333335,79,6.193660689688197,0.44,0.24,0.25,94.34876982712547,1
3.2666666666666666,68,5.943542114412996,0.3163265306122449,0.30612244897959184,0.30612244897959184,106.51394559248746,0
3.2,71,5.998872266278552,0.3541666666666667,0.28125,0.3125,131.77417183013543,1
3.2333333333333334,78,6.184813228718162,0.4948453608247423,0.24742268041237114,0.21649484536082475,155.0502141261617,1
3.033333333333333,62,5.831863046744554,0.34065934065934067,0.3076923076923077,0.2967032967032967,129.94126278908237,0
3.966666666666667,91,6.401079212869596,0.4957983193277311,0.23529411764705882,0.23529411764705882,125.13141716966983,1
2.6333333333333333,65,5.930239292426131,0.3291139240506329,0.3670886075949367,0.2911392405063291,82.13831503645021,0
1.3666666666666667,37,5.16243005339857,0.3170731707317073,0.3902439024390244,0.21951219512195122,91.07619596295072,0
0.8666666666666667,23,4.469670487371861,0.5,0.23076923076923078,0.2692307692307692,191.2645993821461,0
2.533333333333333,51,5.550301855434985,0.39473684210526316,0.3157894736842105,0.2894736842105263,62.29688973163556,0
1.1,30,4.8625759375402735,0.3333333333333333,0.42424242424242425,0.18181818181818182,110.47560316744558,0
1.7,46,5.461545194870255,0.3333333333333333,0.37254901960784315,0.27450980392156865,74.98092049650015,0
3.1666666666666665,74,6.095965608239854,0.4421052631578947,0.2736842105263158,0.21052631578947367,102.39549502083608,1
1.3333333333333333,33,4.921928094887363,0.3,0.275,0.35,107.29591970066652,0
1.9666666666666666,43,5.29357715949466,0.288135593220339,0.3220338983050847,0.3559322033898305,145.36780948130328,0
0.7,17,4.011365041826378,0.42857142857142855,0.3333333333333333,0.23809523809523808,201.758319443897,0
0.9333333333333333,27,4.735926350629035,0.25,0.39285714285714285,0.2857142857142857,198.4034735746409,0
1.7,42,5.31948416550091,0.37254901960784315,0.43137254901960786,0.17647058823529413,159.10647947959905,0
3.066666666666667,76,6.167530570163939,0.42391304347826086,0.2826086956521739,0.2717391304347826,136.76060038292283,1
2.1666666666666665,52,5.622367813028458,0.26153846153846155,0.4153846153846154,0.26153846153846155,129.6732787034171,0
4.3,94,6.4159250265901395,0.46511627906976744,0.29457364341085274,0.20155038759689922,160.77326603860013,1
3.2333333333333334,73,6.081720445213007,0.5051546391752577,0.25773195876288657,0.17525773195876287,228.89444360103317,1
3.7333333333333334,78,6.1665117299967305,0.4642857142857143,0.24107142857142858,0.23214285714285715,124.86068311716362,1
3.2666666666666666,66,5.900025150061053,0.25510204081632654,0.336734693877551,0.3673469387755102,104.54838921404601,0
0.7,20,4.297079327540665,0.3333333333333333,0.3333333333333333,0.2857142857142857,110.16880359713956,0
1.3666666666666667,36,5.1136495655936915,0.2682926829268293,0.4878048780487805,0.24390243902439024,122.02222825735399,0
0.8,20,4.220175521464345,0.25,0.4583333333333333,0.25,85.00310104696142,0
4.4,89,6.3168251798333905,0.38636363636363635,0.2878787878787879,0.25757575757575757,107.74054377052627,1
3.6333333333333333,83,6.244152990109363,0.44954128440366975,0.27522935779816515,0.23853211009174313,108.4811051653451,1
2.9,60,5.726109840945274,0.3103448275862069,0.3103448275862069,0.3333333333333333,143.983091321438,0
4.666666666666667,97,6.45057194545459,0.40714285714285714,0.3357142857142857,0.22142857142857142,104.40394491617158,1
1.2666666666666666,34,5.0374011976541135,0.18421052631578946,0.47368421052631576,0.2631578947368421,124.64171060542651,0
4.666666666666667,98,6.403220584861083,0.4142857142857143,0.3,0.22142857142857142,160.02620848815505,1
0.9333333333333333,26,4.664497779200462,0.2857142857142857,0.25,0.42857142857142855,88.18873397786889,0
2.033333333333333,48,5.504507829366163,0.3114754098360656,0.36065573770491804,0.29508196721311475,100.68106443507189,0
1.2666666666666666,31,4.859641000228759,0.2631578947368421,0.34210526315789475,0.3684210526315789,146.73919973313562,0
2.2666666666666666,55,5.682907326480829,0.2647058823529412,0.4264705882352941,0.2647058823529412,102.96172756719312,0
4.1,90,6.3651197898217236,0.43089430894308944,0.3089430894308943,0.22764227642276422,114.4853824417019,1
4.066666666666666,85,6.276848505507011,0.36065573770491804,0.2786885245901639,0.29508196721311475,143.90764447739645,1
1.2666666666666666,35,5.090032776601483,0.13157894736842105,0.3684210526315789,0.4473684210526316,132.7631757938872,0
1.4333333333333333,37,5.147194987260237,0.27906976744186046,0.32558139534883723,0.32558139534883723,172.44432856469032,0
2.6333333333333333,64,5.914478374731997,0.43037974683544306,0.27848101265822783,0.25316455696202533,170.35448680815674,1
0.9666666666666667,27,4.720049960644813,0.2413793103448276,0.3103448275862069,0.41379310344827586,153.32828110693006,0
0.8,24,4.584962500721156,0.375,0.3333333333333333,0.2916666666666667,126.41790112537926,0
0.7333333333333333,21,4.368522527728205,0.36363636363636365,0.36363636363636365,0.2727272727272727,70.00732390670753,0
3.8,74,6.022331873867309,0.2807017543859649,0.3333333333333333,0.3508771929824561,136.24374206629778,0
1.8666666666666667,45,5.414497779200465,0.23214285714285715,0.42857142857142855,0.2857142857142857,152.83009390654297,0
2.466666666666667,60,5.800471439865571,0.32432432432432434,0.32432432432432434,0.28378378378378377,163.41054936438445,0
2.0,44,5.2882336709624544,0.35,0.38333333333333336,0.25,161.22423121698208,0
1.8666666666666667,41,5.244680368408911,0.16071428571428573,0.32142857142857145,0.4642857142857143,129.04581660480932,0
4.5,82,6.185676615393067,0.5259259259259259,0.25925925925925924,0.16296296296296298,81.93648575437253,1
3.1,66,5.896422923894947,0.3118279569892473,0.3333333333333333,0.3118279569892473,109.86746127995701,0
1.1666666666666667,29,4.764857659740294,0.4857142857142857,0.2857142857142857,0.2,130.1526463206491,0
4.366666666666666,92,6.3746156540275445,0.3511450381679389,0.32061068702290074,0.29770992366412213,119.79078654996637,1
1.1666666666666667,31,4.8791433740260075,0.34285714285714286,0.3142857142857143,0.3142857142857143,138.5567062436186,0
1.1,27,4.6578823768686535,0.42424242424242425,0.3333333333333333,0.24242424242424243,180.1240225619614,0
0.7666666666666667,20,4.2626923908396215,0.43478260869565216,0.08695652173913043,0.2608695652173913,118.99524115399244,0
2.7333333333333334,59,5.759752614268648,0.35365853658536583,0.34146341463414637,0.2804878048780488,114.50366340215028,0
1.7333333333333334,40,5.171405583442499,0.36538461538461536,0.3269230769230769,0.23076923076923078,81.44450285334024,0
1.0,27,4.7068905956085185,0.4,0.36666666666666664,0.2,145.16503999069312,0
1.4333333333333333,36,5.083127836047133,0.3953488372093023,0.46511627906976744,0.13953488372093023,67.43213692690566,0
3.0,67,5.9220285128280645,0.4111111111111111,0.24444444444444444,0.24444444444444444,138.60870518392548,1
1.9666666666666666,52,5.6453549137686165,0.288135593220339,0.3559322033898305,0.3389830508474576,119.64282423280346,0
2.7,61,5.793372687989675,0.2839506172839506,0.3950617283950617,0.25925925925925924,128.19270247622302,0
3.7666666666666666,86,6.3155811747279955,0.4247787610619469,0.2743362831858407,0.23893805309734514,110.99310489226454,1
1.0,29,4.840223928941852,0.3,0.43333333333333335,0.23333333333333334,52.90787514478569,0
2.566666666666667,66,5.961464787391956,0.2857142857142857,0.4025974025974026,0.2857142857142857,80.99038599299745,1
1.0333333333333334,29,4.825164052322361,0.2903225806451613,0.4838709677419355,0.22580645161290322,96.65950907418762,0
1.0666666666666667,29,4.8125,0.3125,0.34375,0.3125,109.85349446288876,0
1.1,32,4.9837880587523955,0.2727272727272727,0.30303030303030304,0.3333333333333333,149.3298803835465,0
4.033333333333333,90,6.352505179316081,0.4793388429752066,0.2892561983471074,0.17355371900826447,99.71965544573496,1
0.8666666666666667,26,4.700439718141092,0.11538461538461539,0.5384615384615384,0.3076923076923077,88.12625787926694,0
2.8333333333333335,56,5.635574024245736,0.35294117647058826,0.36470588235294116,0.25882352941176473,128.86926532692613,0
1.8,38,5.1343361131944505,0.42592592592592593,0.2222222222222222,0.3333333333333333,116.43434731676841,0
3.7666666666666666,88,6.339960710145375,0.4247787610619469,0.3008849557522124,0.22123893805309736,141.74656242722386,1
1.7666666666666666,44,5.374054652635584,0.3584905660377358,0.32075471698113206,0.2830188679245283,123.22462410823059,0
1.8333333333333333,45,5.376547667952103,0.2,0.32727272727272727,0.4,103.05999556461926,0
2.933333333333333,61,5.785747385510661,0.2727272727272727,0.3409090909090909,0.29545454545454547,138.07278533203464,0
1.0,26,4.640223928941852,0.3333333333333333,0.43333333333333335,0.2,98.5338988731391,0
3.0,65,5.834970702121184,0.45555555555555555,0.2777777777777778,0.2111111111111111,76.2219770386886,1
3.3333333333333335,71,6.0136606896881935,0.4,0.29,0.26,144.07179113106935,1
1.8666666666666667,45,5.401017645233259,0.26785714285714285,0.42857142857142855,0.2857142857142857,127.1404558807719,0
3.5,85,6.314245517666116,0.38095238095238093,0.34285714285714286,0.2571428571428571,124.39613880801704,1
2.066666666666667,48,5.47823219741386,0.25806451612903225,0.3387096774193548,0.3548387096774194,151.37348556332708,0
2.566666666666667,59,5.769842871779445,0.3116883116883117,0.4155844155844156,0.2077922077922078,109.81824982482982,0
4.5,89,6.30811605993367,0.42962962962962964,0.2518518518518518,0.26666666666666666,125.44369839401399,1
0.8,21,4.334962500721156,0.375,0.2916666666666667,0.2916666666666667,128.99969298337427,0
4.3,87,6.275615991938126,0.3953488372093023,0.3333333333333333,0.20155038759689922,148.9330282866008,1
0.7333333333333333,21,4.368522527728205,0.36363636363636365,0.5,0.13636363636363635,150.5000629719187,0
1.4333333333333333,32,4.897081324419226,0.27906976744186046,0.4418604651162791,0.18604651162790697,97.96806947093732,0
2.933333333333333,61,5.80290391965074,0.3068181818181818,0.3068181818181818,0.3409090909090909,140.55417707558945,0
1.9333333333333333,47,5.4656553485385455,0.25862068965517243,0.3620689655172414,0.3448275862068966,155.0115903734059,0
1.9333333333333333,41,5.211260736432279,0.3103448275862069,0.43103448275862066,0.22413793103448276,143.8562457414036,0
1.1666666666666667,32,4.957854445516392,0.34285714285714286,0.2857142857142857,0.3142857142857143,174.37753948798334,0
1.2333333333333334,30,4.831074987250574,0.2972972972972973,0.35135135135135137,0.32432432432432434,105.82119929149684,0
4.033333333333333,91,6.38556303055575,0.38016528925619836,0.30578512396694213,0.256198347107438,140.21985134500693,1
1.5333333333333334,41,5.289760053836066,0.2391304347826087,0.32608695652173914,0.41304347826086957,86.46910691485866,0
1.4333333333333333,33,4.9435929523262025,0.2558139534883721,0.3488372093023256,0.3488372093023256,119.46365743373839,0
2.0,39,5.0630707542236735,0.2833333333333333,0.31666666666666665,0.2833333333333333,117.21480484459964,0
2.8666666666666667,68,5.956909778230002,0.4418604651162791,0.26744186046511625,0.2441860465116279,87.3803005544946,1
1.4666666666666666,37,5.141249800455477,0.3409090909090909,0.45454545454545453,0.18181818181818182,111.92746544151788,0
0.7333333333333333,21,4.368522527728205,0.13636363636363635,0.45454545454545453,0.36363636363636365,137.23955775052818,0
0.8333333333333334,22,4.403856189774722,0.24,0.48,0.28,132.7541688447597,0
2.1666666666666665,51,5.56837127450035,0.3230769230769231,0.3076923076923077,0.35384615384615387,144.02415238632014,0
3.966666666666667,84,6.247594653991524,0.42857142857142855,0.31092436974789917,0.226890756302521,133.32745438184696,1
1.5,38,5.147191429566853,0.24444444444444444,0.28888888888888886,0.37777777777777777,136.80927812826476,0
3.7666666666666666,85,6.29788205968375,0.4336283185840708,0.34513274336283184,0.21238938053097345,98.13212497041252,1
0.8666666666666667,21,4.286790198827112,0.23076923076923078,0.6153846153846154,0.11538461538461539,141.8691673655405,0
4.266666666666667,88,6.299619214908247,0.421875,0.2734375,0.2734375,108.81143581029853,1
2.1,49,5.508870796447109,0.31746031746031744,0.2698412698412698,0.3333333333333333,143.8156617322764,0
1.2,33,5.003258334775643,0.3333333333333333,0.3055555555555556,0.3055555555555556,97.95013753447978,0
2.3333333333333335,51,5.507714802597443,0.37142857142857144,0.35714285714285715,0.2,167.6427157931677,0
0.7333333333333333,19,4.186704345910023,0.2727272727272727,0.5,0.22727272727272727,245.71253161542367,0
3.7333333333333334,71,6.010174453172384,0.3125,0.4107142857142857,0.24107142857142858,137.0083716965268,0
3.466666666666667,71,5.97463256953183,0.5288461538461539,0.25,0.17307692307692307,111.65704291892152,1
4.2,91,6.36002248293788,0.46825396825396826,0.2777777777777778,0.2222222222222222,116.08061155971129,1
3.8333333333333335,74,6.016063285855211,0.5304347826086957,0.16521739130434782,0.2782608695652174,113.46396869424521,1
1.5,36,5.058302540677966,0.17777777777777778,0.4222222222222222,0.3111111111111111,174.73685603496173,0
0.8,22,4.418295834054489,0.20833333333333334,0.5,0.2916666666666667,84.76679162476395,0
5.1,107,6.608471421025031,0.4444444444444444,0.29411764705882354,0.2222222222222222,108.54495849265507,1
1.6,43,5.376629167387826,0.2708333333333333,0.4583333333333333,0.25,126.71645521146041,0
1.3666666666666667,33,4.967308102179058,0.43902439024390244,0.17073170731707318,0.2926829268292683,94.2268038792521,0
1.9,49,5.517100540480526,0.2982456140350877,0.38596491228070173,0.24561403508771928,165.00568055272123,0
1.9666666666666666,46,5.403580972980645,0.3559322033898305,0.22033898305084745,0.3220338983050847,134.0244787970251,0
3.1666666666666665,73,6.090805345127507,0.37894736842105264,0.29473684210526313,0.29473684210526313,124.86070038794,1
3.7666666666666666,90,6.406418896024372,0.4336283185840708,0.26548672566371684,0.24778761061946902,91.77507186541902,1
1.5333333333333334,38,5.175735869100489,0.2826086956521739,0.34782608695652173,0.30434782608695654,136.59079482942659,0
2.2666666666666666,48,5.436511922037249,0.29411764705882354,0.35294117647058826,0.25,83.52863697399262,0
3.3333333333333335,81,6.233660689688196,0.5,0.31,0.15,95.50608330293635,1
0.9666666666666667,25,4.582118926162054,0.3103448275862069,0.3793103448275862,0.20689655172413793,203.32931845514727,0
2.1666666666666665,56,5.733831082225942,0.3076923076923077,0.26153846153846155,0.36923076923076925,133.8349152078384,0
4.466666666666667,87,6.306578462765106,0.4552238805970149,0.3208955223880597,0.19402985074626866,155.29450552474262,1
3.9,70,6.004687689539434,0.358974358974359,0.28205128205128205,0.2905982905982906,167.8893162781696,0
0.8333333333333334,24,4.5638561897747225,0.24,0.44,0.28,158.9406571354744,0
1.6,35,4.996115365169276,0.2916666666666667,0.2708333333333333,0.4166666666666667,106.06087044939848,0
4.566666666666666,89,6.301983542625031,0.3722627737226277,0.27007299270072993,0.30656934306569344,110.38297811119875,1
2.466666666666667,53,5.6046575885726915,0.20270270270270271,0.2972972972972973,0.3918918918918919,101.3179661112051,0
1.3666666666666667,34,4.979264809390596,0.2926829268292683,0.2926829268292683,0.36585365853658536,97.09097811888643,0
5.066666666666666,105,6.578358845609254,0.46710526315789475,0.26973684210526316,0.21052631578947367,137.157590081823,1
1.4666666666666666,38,5.186704345910023,0.29545454545454547,0.36363636363636365,0.3181818181818182,126.82323079663031,0
1.6333333333333333,39,5.1911407114179955,0.1836734693877551,0.42857142857142855,0.32653061224489793,118.75499051901917,0
1.3,34,5.0289919624519905,0.3076923076923077,0.38461538461538464,0.23076923076923078,272.43999524227314,0
3.9,76,6.12015585196958,0.2905982905982906,0.358974358974359,0.27350427350427353,127.12252700323148,0
1.4666666666666666,38,5.186704345910023,0.18181818181818182,0.5227272727272727,0.2727272727272727,88.97560191377521,0
1.7333333333333334,41,5.262845727714874,0.19230769230769232,0.5192307692307693,0.2692307692307692,201.15842139868417,0
1.9333333333333333,49,5.521605564018485,0.3793103448275862,0.25862068965517243,0.25862068965517243,74.14774454786892,0
3.7333333333333334,69,5.914148671903066,0.25892857142857145,0.36607142857142855,0.3482142857142857,147.331403896772,0
3.533333333333333,79,6.182878591253593,0.46226415094339623,0.19811320754716982,0.32075471698113206,120.46776827323353,1
2.2666666666666666,51,5.554158980860778,0.29411764705882354,0.35294117647058826,0.27941176470588236,108.89949867418234,0
3.3333333333333335,63,5.81101406462329,0.22,0.25,0.46,85.49937760683788,0
3.8666666666666667,89,6.366433150225373,0.3620689655172414,0.3793103448275862,0.20689655172413793,174.94827320706986,1
3.6,73,6.0302147011774405,0.3888888888888889,0.3055555555555556,0.26851851851851855,116.77359746735132,0
4.9,104,6.55995057601114,0.43537414965986393,0.32653061224489793,0.19727891156462585,99.41525179398765,1
2.3333333333333335,55,5.689927481199777,0.35714285714285715,0.3142857142857143,0.24285714285714285,138.88997018467992,0
0.9,24,4.532665279941249,0.37037037037037035,0.2962962962962963,0.3333333333333333,155.89421502920476,0
3.9,82,6.212077967372688,0.358974358974359,0.2905982905982906,0.2905982905982906,107.82864244162478,1
3.066666666666667,66,5.925523369006433,0.3804347826086957,0.2826086956521739,0.31521739130434784,150.29047861200027,0
1.6,41,5.293295834054491,0.2916666666666667,0.3333333333333333,0.2916666666666667,120.72232534087367,0
4.166666666666667,77,6.095432384506324,0.416,0.264,0.232,126.03616001600449,1
1.8,46,5.458591205867172,0.18518518518518517,0.3888888888888889,0.3148148148148148,112.47307118932818,0
3.933333333333333,97,6.4897233207465765,0.4406779661016949,0.3305084745762712,0.1864406779661017,124.67662841600881,1
1.1666666666666667,33,5.014997302659249,0.2571428571428571,0.22857142857142856,0.4,144.12249699532228,0
1.4333333333333333,36,5.083127836047133,0.3023255813953488,0.27906976744186046,0.32558139534883723,135.70212071395403,0
2.533333333333333,56,5.665497743621347,0.32894736842105265,0.35526315789473684,0.2894736842105263,137.2955749047077,0
0.8333333333333334,21,4.293660689688184,0.44,0.36,0.16,48.333776245577965,0
3.533333333333333,85,6.303207718632492,0.3490566037735849,0.32075471698113206,0.27358490566037735,144.8453884343571,1
3.8666666666666667,83,6.22850211574262,0.3620689655172414,0.31896551724137934,0.25,134.83614857672566,1
2.9,62,5.819211742900561,0.3793103448275862,0.3218390804597701,0.22988505747126436,117.73974825034256,1
3.8,81,6.227455364966026,0.37719298245614036,0.32456140350877194,0.2807017543859649,125.7510743318268,1
2.4,57,5.7218046888521705,0.3472222222222222,0.2638888888888889,0.3194444444444444,109.80770754285629,1
4.2,85,6.252802046395603,0.4126984126984127,0.30952380952380953,0.25396825396825395,125.85811609376593,1
1.7,45,5.43713122432444,0.2549019607843137,0.39215686274509803,0.3137254901960784,139.11632511463256,0
2.933333333333333,64,5.847223630217674,0.2727272727272727,0.38636363636363635,0.2727272727272727,143.85801911607766,0
1.7,44,5.397915538049931,0.17647058823529413,0.39215686274509803,0.4117647058823529,113.29338747425561,0
0.9333333333333333,25,4.5661089398374815,0.35714285714285715,0.32142857142857145,0.32142857142857145,157.72304773531863,0
1.1666666666666667,25,4.493149802473811,0.2857142857142857,0.4,0.22857142857142856,135.0191761654405,0
1.1333333333333333,30,4.829966150010236,0.3235294117647059,0.38235294117647056,0.23529411764705882,57.474869761325344,0
3.966666666666667,91,6.371585305270209,0.36134453781512604,0.3277310924369748,0.2689075630252101,128.75962944194896,1
4.2,81,6.182526229155339,0.4523809523809524,0.2619047619047619,0.2222222222222222,83.2547332276552,1
3.8666666666666667,69,5.916098400591519,0.2672413793103448,0.41379310344827586,0.29310344827586204,100.09978804813217,0
1.5,36,5.0918530963296735,0.24444444444444444,0.4,0.28888888888888886,74.3259195314718,0
0.8,22,4.418295834054489,0.2916666666666667,0.4583333333333333,0.20833333333333334,112.78055764676337,0
3.7,81,6.199469019347344,0.38738738738738737,0.36036036036036034,0.18018018018018017,95.83276924371134,1
1.9666666666666666,44,5.335784362811153,0.3220338983050847,0.3050847457627119,0.3220338983050847,94.07960808951425,0
0.8,23,4.501629167387823,0.3333333333333333,0.25,0.2916666666666667,210.65765253516616,0
3.6333333333333333,81,6.226720563229639,0.41284403669724773,0.21100917431192662,0.26605504587155965,109.49972809025681,1
3.566666666666667,73,6.056567804016614,0.27102803738317754,0.34579439252336447,0.2803738317757009,108.17021773347226,0
4.566666666666666,98,6.486539838356012,0.39416058394160586,0.29927007299270075,0.2773722627737226,145.00757014577246,1
2.7666666666666666,60,5.7694410878952365,0.3132530120481928,0.2891566265060241,0.3132530120481928,114.81107536101412,0
1.3666666666666667,36,5.1136495655936915,0.21951219512195122,0.34146341463414637,0.34146341463414637,97.65270298932091,0
3.6666666666666665,82,6.244818349809629,0.39090909090909093,0.33636363636363636,0.2,150.2505763548345,1
3.5,75,6.1212487318900175,0.41904761904761906,0.26666666666666666,0.2761904761904762,122.15002611467354,1
1.7666666666666666,43,5.33631880357898,0.22641509433962265,0.33962264150943394,0.32075471698113206,99.53557824095321,0
1.3666666666666667,32,4.9001157240775095,0.3902439024390244,0.2682926829268293,0.3170731707317073,126.38595203952228,0
3.433333333333333,78,6.16698814850044,0.44660194174757284,0.33980582524271846,0.1553398058252427,127.73115460407797,1
4.4,88,6.312354797516858,0.3106060606060606,0.4166666666666667,0.23484848484848486,90.4863229824414,1
2.8,57,5.689703732199548,0.27380952380952384,0.39285714285714285,0.30952380952380953,115.44705487798939,0
4.8,102,6.536006858976044,0.3194444444444444,0.4305555555555556,0.20833333333333334,107.08755076882102,1
4.466666666666667,99,6.521167175467821,0.4701492537313433,0.22388059701492538,0.26865671641791045,146.60224035661767,1
1.0,24,4.506890595608518,0.26666666666666666,0.4,0.26666666666666666,94.30373634874867,0
3.3,66,5.909314069421591,0.3434343434343434,0.31313131313131315,0.29292929292929293,160.7652252885733,0
2.5,63,5.898753523800375,0.3466666666666667,0.36,0.28,132.75258877822276,0
0.7666666666666667,22,4.436605434317882,0.30434782608695654,0.4782608695652174,0.13043478260869565,72.37070681220773,0
1.3666666666666667,35,5.0648690777888135,0.21951219512195122,0.5365853658536586,0.24390243902439024,130.3421666801999,0
1.5666666666666667,36,5.054380872862173,0.19148936170212766,0.40425531914893614,0.3829787234042553,169.60141323167443,0
0.6666666666666666,20,4.321928094887363,0.3,0.35,0.3,69.99901080345309,0
0.7333333333333333,19,4.186704345910023,0.2727272727272727,0.45454545454545453,0.18181818181818182,112.01601066063499,0
3.2666666666666666,63,5.805687267430066,0.29591836734693877,0.3673469387755102,0.2755102040816326,88.76242590227433,0
3.8666666666666667,84,6.273718602792934,0.35344827586206895,0.3706896551724138,0.21551724137931033,121.64963024721989,1
3.8666666666666667,72,5.96023129264983,0.4051724137931034,0.29310344827586204,0.25,84.40403096680545,1
1.5333333333333334,36,5.088779347361359,0.30434782608695654,0.41304347826086957,0.2826086956521739,154.86671462435316,0
2.9,61,5.761515765789596,0.21839080459770116,0.367816091954023,0.40229885057471265,122.73467196267562,0
1.8666666666666667,45,5.387537511266055,0.32142857142857145,0.32142857142857145,0.32142857142857145,99.98041161258469,0
2.9,70,6.026108294624697,0.26436781609195403,0.3103448275862069,0.3563218390804598,115.64581255157199,0
1.3666666666666667,36,5.095237675297021,0.24390243902439024,0.43902439024390244,0.2926829268292683,104.84077145555466,0
0.8666666666666667,24,4.5465935642949376,0.34615384615384615,0.38461538461538464,0.15384615384615385,84.76522104083877,0
1.6333333333333333,42,5.29818382361874,0.32653061224489793,0.3877551020408163,0.1836734693877551,67.19234868096534,0
1.5666666666666667,41,5.299269702741469,0.14893617021276595,0.44680851063829785,0.3191489361702128,113.89115479243551,0
0.8333333333333334,22,4.403856189774723,0.28,0.24,0.44,111.80262440634587,0
3.066666666666667,76,6.175735869100498,0.391304347826087,0.29347826086956524,0.2826086956521739,117.52367140196755,1
2.8333333333333335,70,6.056449759667118,0.4235294117647059,0.35294117647058826,0.2,105.20484322811745,1
3.7333333333333334,76,6.110577243331636,0.2857142857142857,0.3482142857142857,0.29464285714285715,150.33058833246642,0
3.7333333333333334,75,6.056114158777085,0.39285714285714285,0.29464285714285715,0.26785714285714285,127.90664691739711,1
1.9666666666666666,48,5.4841722865766345,0.288135593220339,0.3728813559322034,0.2711864406779661,132.9314954845304,0
0.7666666666666667,20,4.2626923908396215,0.43478260869565216,0.34782608695652173,0.17391304347826086,20.854034019016744,0
1.9333333333333333,43,5.28867840877147,0.27586206896551724,0.3103448275862069,0.3275862068965517,119.04459742273045,0
4.133333333333334,92,6.389364858634386,0.3951612903225806,0.2903225806451613,0.2661290322580645,155.80427368766036,1
1.8,40,5.1804513908921,0.3333333333333333,0.3333333333333333,0.2777777777777778,118.81566609188798,0
2.8333333333333335,60,5.747453730178995,0.2823529411764706,0.36470588235294116,0.32941176470588235,89.52993609706641,0
1.2666666666666666,33,4.9847696187067445,0.34210526315789475,0.2894736842105263,0.2894736842105263,123.03109449745848,0
3.933333333333333,91,6.399426523864768,0.4067796610169492,0.3135593220338983,0.23728813559322035,127.24106857585154,1
3.3666666666666667,65,5.875839700487888,0.22772277227722773,0.40594059405940597,0.3465346534653465,136.60402599708308,0
3.1666666666666665,66,5.8985457397960275,0.23157894736842105,0.3894736842105263,0.3157894736842105,93.16143038400243,0
2.533333333333333,52,5.548987836091434,0.3157894736842105,0.39473684210526316,0.27631578947368424,77.87866217411435,0
2.033333333333333,48,5.504507829366163,0.21311475409836064,0.36065573770491804,0.39344262295081966,97.69988843685712,0
2.8,56,5.629947184477478,0.27380952380952384,0.4166666666666667,0.2261904761904762,83.4528645307009,0
1.1666666666666667,31,4.843568731230678,0.2857142857142857,0.2571428571428571,0.4,97.12717085622081,0
1.0666666666666667,30,4.875,0.375,0.21875,0.3125,98.72271509830333,0
1.6666666666666667,44,5.403856189774727,0.34,0.36,0.24,156.4556487535017,0
2.6666666666666665,56,5.674747626002143,0.325,0.3,0.2875,89.19079063098272,0
3.4,62,5.801896052564918,0.3137254901960784,0.3431372549019608,0.29411764705882354,118.93576446272924,0
0.8333333333333334,20,4.243856189774723,0.36,0.48,0.12,186.56105984583874,0
3.2,69,5.96231210998348,0.4270833333333333,0.3333333333333333,0.21875,78.38653583396835,1
3.566666666666667,70,5.956054836706677,0.27102803738317754,0.3644859813084112,0.3177570093457944,196.928148275955,0
3.066666666666667,64,5.8902504070734265,0.2717391304347826,0.358695652173913,0.33695652173913043,124.50080140533818,0
4.366666666666666,93,6.409190654126634,0.4961832061068702,0.2366412213740458,0.1984732824427481,153.91762389410871,1
2.566666666666667,55,5.685554235472001,0.3116883116883117,0.2857142857142857,0.37662337662337664,125.5152536218625,0
1.0333333333333334,28,4.760647923290102,0.16129032258064516,0.3225806451612903,0.45161290322580644,126.70898541138745,0
3.7333333333333334,70,5.964465386397708,0.3392857142857143,0.375,0.2767857142857143,109.67300063898938,0
3.8333333333333335,88,6.328013746558931,0.3739130434782609,0.30434782608695654,0.2782608695652174,95.86458224396839,1
1.9333333333333333,50,5.556088322639175,0.2413793103448276,0.3793103448275862,0.3103448275862069,88.25472591362583,0
3.5,82,6.22739394167789,0.47619047619047616,0.3523809523809524,0.13333333333333333,121.13059630517587,1
1.2,31,4.892147223664533,0.3611111111111111,0.3611111111111111,0.25,89.9263374255335,0
3.7666666666666666,69,5.8640807321735355,0.2831858407079646,0.39823008849557523,0.2743362831858407,160.89779899948473,0
2.1666666666666665,48,5.4685216591823025,0.26153846153846155,0.3076923076923077,0.36923076923076925,103.32896324867836,0
1.3333333333333333,33,4.953055907333277,0.275,0.35,0.35,214.0210976219189,0
1.0333333333333334,27,4.6717805845106355,0.16129032258064516,0.3225806451612903,0.5161290322580645,99.28173961017714,0
3.2333333333333334,64,5.888371089520597,0.35051546391752575,0.29896907216494845,0.28865979381443296,125.79873819196237,0
1.8666666666666667,45,5.40101764523326,0.30357142857142855,0.4107142857142857,0.26785714285714285,68.97453330048566,0
5.166666666666667,105,6.5515840018949,0.4258064516129032,0.32903225806451614,0.1935483870967742,117.93134902403958,1
0.9666666666666667,27,4.720049960644814,0.27586206896551724,0.3103448275862069,0.3793103448275862,89.53828967468361,0
1.2333333333333334,30,4.756618568273183,0.1891891891891892,0.2702702702702703,0.4594594594594595,120.490094241993,0
1.0333333333333334,28,4.760647923290102,0.1935483870967742,0.45161290322580644,0.25806451612903225,74.59931559190221,0
4.8,101,6.527360244407733,0.4097222222222222,0.24305555555555555,0.3194444444444444,116.50415692620057,1
3.7666666666666666,79,6.151950865031773,0.415929203539823,0.30973451327433627,0.23008849557522124,128.4921969911849,1
1.8,43,5.3195212983796365,0.3148148148148148,0.42592592592592593,0.24074074074074073,134.95782218614534,0
3.7666666666666666,88,6.308900754354867,0.3185840707964602,0.3274336283185841,0.3185840707964602,115.20508844851618,1
2.0,41,5.2106499704282285,0.3333333333333333,0.3333333333333333,0.26666666666666666,97.66250223605903,0
1.9,46,5.433681461495202,0.2807017543859649,0.3508771929824561,0.2631578947368421,129.27635963712677,0
0.7333333333333333,20,4.277613436819114,0.22727272727272727,0.36363636363636365,0.4090909090909091,152.46666497050174,0
0.9,23,4.430632409490749,0.2222222222222222,0.5185185185185185,0.18518518518518517,30.790540798462793,0
1.4333333333333333,37,5.147194987260237,0.3488372093023256,0.3488372093023256,0.3023255813953488,113.9666297480954,0
4.933333333333334,102,6.5368258316989865,0.3918918918918919,0.33783783783783783,0.22297297297297297,170.372652322391,1
4.433333333333334,97,6.47618807453387,0.43609022556390975,0.24812030075187969,0.2556390977443609,99.37021453200583,1
1.4666666666666666,36,5.095795255000932,0.3181818181818182,0.3409090909090909,0.29545454545454547,69.4169541388283,0
3.2,80,6.222932422573625,0.4270833333333333,0.3020833333333333,0.23958333333333334,124.57375330018522,1
2.966666666666667,72,6.093710959056291,0.42696629213483145,0.33707865168539325,0.1797752808988764,77.14385477753079,1
3.1,67,5.908737408064048,0.3118279569892473,0.2903225806451613,0.3548387096774194,161.6596298305394,0
1.1333333333333333,29,4.793345194191515,0.4411764705882353,0.23529411764705882,0.2647058823529412,68.16758132570313,0
1.3,38,5.234120167580196,0.28205128205128205,0.41025641025641024,0.2564102564102564,84.67274328339576,0
4.2,91,6.375895498810897,0.46825396825396826,0.2698412698412698,0.23015873015873015,141.17616759485642,1
3.9,89,6.368186193923879,0.42735042735042733,0.3076923076923077,0.23076923076923078,89.36517333237305,1
0.9666666666666667,27,4.694019357121935,0.3103448275862069,0.27586206896551724,0.3793103448275862,84.81000960523801,0
1.7666666666666666,43,5.322075643160803,0.3018867924528302,0.2830188679245283,0.33962264150943394,71.4410819385271,0
0.8,23,4.501629167387823,0.3333333333333333,0.2916666666666667,0.375,99.32125826146373,0
4.8,88,6.301462154039808,0.3958333333333333,0.3958333333333333,0.16666666666666666,154.94496779937975,1
3.3333333333333335,81,6.248758439731467,0.35,0.28,0.33,98.02701557422904,1
0.7666666666666667,21,4.349648912578752,0.391304347826087,0.34782608695652173,0.2608695652173913,138.02396635814625,0
2.033333333333333,48,5.4593457391667615,0.3442622950819672,0.2786885245901639,0.3442622950819672,123.9681837083613,0
3.966666666666667,92,6.415661880882281,0.44537815126050423,0.2773109243697479,0.20168067226890757,72.36203788753129,1
3.1333333333333333,74,6.099749622931216,0.425531914893617,0.39361702127659576,0.14893617021276595,92.84569691769785,1
1.6666666666666667,43,5.348758439731458,0.28,0.3,0.34,110.50936177281542,0
3.8333333333333335,84,6.28666689871403,0.40869565217391307,0.3391304347826087,0.17391304347826086,90.03243228505184,1
1.1666666666666667,31,4.900711588373535,0.22857142857142856,0.42857142857142855,0.3142857142857143,80.29661761799296,0
3.3666666666666667,66,5.893021259829566,0.3465346534653465,0.36633663366336633,0.24752475247524752,121.65692498553074,0
3.933333333333333,74,6.009264659311316,0.4576271186440678,0.2627118644067797,0.2033898305084746,109.74925434685998,1
3.1333333333333333,74,6.121026218675895,0.43617021276595747,0.26595744680851063,0.2127659574468085,166.72239328427452,1
1.7666666666666666,44,5.388297813053763,0.2641509433962264,0.32075471698113206,0.37735849056603776,140.9190971253186,0
3.6333333333333333,79,6.178600265084352,0.3669724770642202,0.3669724770642202,0.22935779816513763,116.77493117106953,1
1.8666666666666667,43,5.316108939837484,0.2857142857142857,0.3392857142857143,0.32142857142857145,79.96954179455129,0
0.7,18,4.106603137064473,0.23809523809523808,0.47619047619047616,0.23809523809523808,92.22447744882432,0
2.566666666666667,59,5.779646605573775,0.3116883116883117,0.2857142857142857,0.2857142857142857,129.28835109883218,0
1.9333333333333333,49,5.5346208657799245,0.2413793103448276,0.41379310344827586,0.27586206896551724,97.70841094719576,0
1.5666666666666667,37,5.096934064351535,0.44680851063829785,0.3404255319148936,0.1702127659574468,148.44259266704006,0
0.7,17,4.011365041826379,0.2857142857142857,0.47619047619047616,0.23809523809523808,26.705555885080788,0
4.366666666666666,101,6.5370905587233015,0.37404580152671757,0.2824427480916031,0.2748091603053435,147.35475850045557,1
0.9,25,4.606739354015322,0.25925925925925924,0.2222222222222222,0.4074074074074074,90.1124662793665,0
3.933333333333333,78,6.112356159619623,0.423728813559322,0.3559322033898305,0.1694915254237288,132.7373879605019,1
2.933333333333333,64,5.856936732175327,0.3409090909090909,0.25,0.3409090909090909,148.0153091426719,0
0.9666666666666667,26,4.651084443403434,0.3103448275862069,0.3448275862068966,0.27586206896551724,101.80637129146689,0
2.6,58,5.753225616242676,0.3076923076923077,0.4230769230769231,0.21794871794871795,145.33363758079471,0
1.7666666666666666,43,5.33631880357898,0.3018867924528302,0.33962264150943394,0.3018867924528302,102.75868376712425,0
3.966666666666667,90,6.388392027959284,0.40336134453781514,0.31092436974789917,0.24369747899159663,112.55007498684087,1
0.9,26,4.6808134280893965,0.48148148148148145,0.2222222222222222,0.2962962962962963,82.99330185250858,0
0.7333333333333333,22,4.459431618637295,0.4090909090909091,0.2727272727272727,0.2727272727272727,193.2079791639327,0
3.3,74,6.0938056098911915,0.37373737373737376,0.30303030303030304,0.26262626262626265,120.40184874664092,1
3.1333333333333333,64,5.830768638727547,0.26595744680851063,0.3404255319148936,0.3829787234042553,127.37211173550789,0
1.1,29,4.801969876934213,0.2727272727272727,0.2727272727272727,0.42424242424242425,93.58365357533418,0
3.966666666666667,74,6.043689927046226,0.3025210084033613,0.29411764705882354,0.35294117647058826,100.76243348730694,0
3.033333333333333,67,5.95004862369141,0.34065934065934067,0.3956043956043956,0.23076923076923078,141.95179161199343,0
0.8,23,4.501629167387823,0.3333333333333333,0.2916666666666667,0.2916666666666667,53.55804433008375,0
1.5666666666666667,40,5.256716511252108,0.425531914893617,0.3191489361702128,0.2127659574468085,113.1130979014446,0
4.733333333333333,87,6.24479294018061,0.528169014084507,0.2746478873239437,0.14788732394366197,119.07627048595421,1
0.9666666666666667,26,4.651084443403434,0.4827586206896552,0.2413793103448276,0.2413793103448276,82.29887346604218,0
1.9666666666666666,48,5.509761693429634,0.3220338983050847,0.3050847457627119,0.3050847457627119,104.00996978013326,0
1.6666666666666667,44,5.403856189774727,0.22,0.46,0.28,90.98471398139925,0
1.1,32,4.9837880587523955,0.3939393939393939,0.3333333333333333,0.21212121212121213,156.1811792572458,0
3.3666666666666667,68,5.940099353910392,0.31683168316831684,0.3465346534653465,0.2871287128712871,143.42811683438697,0
3.433333333333333,80,6.205823099956751,0.4368932038834951,0.23300970873786409,0.2912621359223301,133.39134723722145,1
4.233333333333333,81,6.191171202400949,0.3779527559055118,0.25196850393700787,0.30708661417322836,82.17160902771712,1
3.0,62,5.82769267954281,0.25555555555555554,0.35555555555555557,0.32222222222222224,139.81455382367068,0
4.566666666666666,104,6.565042666838954,0.43795620437956206,0.29927007299270075,0.21897810218978103,77.43217148013612,1
1.3666666666666667,37,5.16243005339857,0.4146341463414634,0.1951219512195122,0.34146341463414637,153.9807468229124,0
3.1666666666666665,61,5.790496660780339,0.28421052631578947,0.37894736842105264,0.2736842105263158,110.691917205618,0
2.8666666666666667,63,5.850569696512251,0.2558139534883721,0.3372093023255814,0.36046511627906974,109.70080830053749,0
3.6,80,6.208410187268518,0.3148148148148148,0.32407407407407407,0.2962962962962963,104.33962528770144,1
2.033333333333333,50,5.545331189950967,0.3114754098360656,0.39344262295081966,0.22950819672131148,161.94446622960294,0
3.5,68,5.966347184209157,0.23809523809523808,0.41904761904761906,0.3047619047619048,143.31527554986457,0
0.8666666666666667,22,4.392747410448783,0.19230769230769232,0.34615384615384615,0.4230769230769231,127.87148570060639,0
3.7666666666666666,78,6.131909603912387,0.39823008849557523,0.336283185840708,0.21238938053097345,124.76508568075933,1
1.4333333333333333,35,5.036616208140156,0.20930232558139536,0.3023255813953488,0.4418604651162791,135.15445649494782,0
3.5,77,6.152154565202746,0.4857142857142857,0.2571428571428571,0.22857142857142856,123.78934617491863,1
3.466666666666667,77,6.152174814211735,0.3942307692307692,0.2980769230769231,0.25961538461538464,81.20524703080554,1
1.9666666666666666,46,5.4419650832601425,0.3220338983050847,0.4406779661016949,0.2033898305084746,141.70823380665794,0
1.9,44,5.328418303600467,0.42105263157894735,0.19298245614035087,0.2982456140350877,145.3249387897293,0
0.8666666666666667,25,4.623516641218014,0.38461538461538464,0.19230769230769232,0.23076923076923078,76.27491168592793,0
1.3,31,4.804507667524723,0.2564102564102564,0.3333333333333333,0.3333333333333333,101.87692512632526,0
4.733333333333333,91,6.34595158790315,0.4859154929577465,0.22535211267605634,0.2323943661971831,110.10703622964188,1
4.266666666666667,90,6.355239648336088,0.40625,0.2578125,0.3046875,138.92068601249872,1
3.6333333333333333,89,6.362086503616457,0.3669724770642202,0.3394495412844037,0.2018348623853211,119.53718148070419,1
3.466666666666667,74,6.075251737288657,0.3942307692307692,0.3076923076923077,0.2403846153846154,117.48271662651871,1
3.566666666666667,76,6.11969759375646,0.42990654205607476,0.2616822429906542,0.22429906542056074,104.95624851011273,1
3.5,78,6.144965160420236,0.3142857142857143,0.3238095238095238,0.2857142857142857,136.26728015797238,1
3.2333333333333334,67,5.897449280461176,0.27835051546391754,0.4020618556701031,0.30927835051546393,174.91543077276083,0
4.3,98,6.467514344668072,0.35658914728682173,0.3488372093023256,0.2558139534883721,159.7113600022561,1
1.3666666666666667,34,5.016088589983935,0.2682926829268293,0.3170731707317073,0.3902439024390244,116.7821793379801,0
1.0666666666666667,28,4.726409765557392,0.21875,0.28125,0.46875,158.86737651445074,0
2.6333333333333333,67,5.990427741820605,0.4430379746835443,0.3037974683544304,0.25316455696202533,127.6333555254428,1
2.6333333333333333,54,5.586955552188615,0.2911392405063291,0.4177215189873418,0.27848101265822783,137.13902581109497,0
3.2666666666666666,68,5.943542114412995,0.30612244897959184,0.3469387755102041,0.29591836734693877,91.55209060394745,0
1.7333333333333334,42,5.272273131477817,0.40384615384615385,0.28846153846153844,0.28846153846153844,152.86808603053842,0
4.9,103,6.508184314280278,0.35374149659863946,0.3333333333333333,0.23809523809523808,121.99894166282715,1
3.533333333333333,72,6.046178355445359,0.36792452830188677,0.2830188679245283,0.32075471698113206,77.57357024659902,1
1.5,39,5.225186429663006,0.35555555555555557,0.3333333333333333,0.26666666666666666,129.45672454578207,0
3.966666666666667,87,6.3189410825265915,0.42857142857142855,0.2605042016806723,0.2773109243697479,126.52385072394299,1
0.8,24,4.584962500721156,0.2916666666666667,0.375,0.2916666666666667,118.09210439452652,0
0.9666666666666667,27,4.720049960644813,0.3448275862068966,0.3793103448275862,0.2413793103448276,153.20150555656417,0
2.933333333333333,65,5.869950902944946,0.38636363636363635,0.38636363636363635,0.19318181818181818,107.42898393325206,1
1.9333333333333333,44,5.349191770915038,0.29310344827586204,0.3448275862068966,0.3275862068965517,145.93103216093192,0
1.9666666666666666,43,5.28078245606816,0.23728813559322035,0.3389830508474576,0.3220338983050847,130.78466853803897,0
1.7333333333333334,40,5.200439718141094,0.17307692307692307,0.38461538461538464,0.34615384615384615,107.68420046547877,0
0.7666666666666667,16,3.8492239123906256,0.34782608695652173,0.43478260869565216,0.17391304347826086,86.83368396908406,0
1.6333333333333333,39,5.160328976635812,0.3877551020408163,0.30612244897959184,0.2857142857142857,114.21575407512786,0
3.2,66,5.899812109983478,0.3020833333333333,0.3958333333333333,0.23958333333333334,104.72379107854042,0
3.6666666666666665,85,6.306226418011114,0.41818181818181815,0.2909090909090909,0.21818181818181817,132.9819110971068,1
2.6666666666666665,59,5.753055907333272,0.3625,0.3625,0.225,84.32986523818641,0
0.7666666666666667,22,4.436605434317882,0.43478260869565216,0.17391304347826086,0.391304347826087,134.2649979626651,0
1.9333333333333333,46,5.431172589917856,0.3448275862068966,0.3620689655172414,0.27586206896551724,117.34453455478625,0
1.3,28,4.670017603477633,0.38461538461538464,0.28205128205128205,0.3333333333333333,152.01089653208277,0
1.1666666666666667,29,4.786425874087821,0.34285714285714286,0.42857142857142855,0.17142857142857143,172.19103176734754,0
0.7333333333333333,19,4.186704345910023,0.22727272727272727,0.45454545454545453,0.18181818181818182,24.64922597290185,0
3.533333333333333,69,5.9657130251342165,0.3018867924528302,0.3113207547169811,0.36792452830188677,129.51645437905384,0
3.7666666666666666,89,6.357659825189621,0.3274336283185841,0.336283185840708,0.3185840707964602,117.02267307491451,1
0.8,22,4.418295834054489,0.375,0.4583333333333333,0.16666666666666666,163.9707582429688,0
2.033333333333333,49,5.524919509658565,0.3442622950819672,0.29508196721311475,0.32786885245901637,92.22028180997248,0
1.1,30,4.862575937540274,0.3333333333333333,0.45454545454545453,0.15151515151515152,104.55843164631986,0
4.533333333333333,106,6.6240837970690585,0.5441176470588235,0.2426470588235294,0.18382352941176472,91.75649912126131,1
2.6666666666666665,57,5.709183719779187,0.325,0.4,0.25,86.97886770588694,0
3.6333333333333333,85,6.313966205471171,0.44954128440366975,0.3119266055045872,0.21100917431192662,164.09429329106604,1
1.4333333333333333,37,5.12963946395411,0.32558139534883723,0.3023255813953488,0.3023255813953488,92.71723770487678,0
2.8,64,5.889166678653875,0.4166666666666667,0.30952380952380953,0.23809523809523808,67.38462781306256,1
3.1666666666666665,74,6.090805345127506,0.4631578947368421,0.24210526315789474,0.24210526315789474,106.07162486805788,1
0.6666666666666666,18,4.084183719779189,0.25,0.4,0.3,103.64083127171068,0
2.7,65,5.91682947811313,0.3950617283950617,0.2962962962962963,0.24691358024691357,115.73769449919912,1
4.6,96,6.443492300902677,0.41304347826086957,0.391304347826087,0.13768115942028986,106.37684715348907,1
4.633333333333334,101,6.541497457568913,0.4316546762589928,0.2949640287769784,0.2302158273381295,117.47477954378455,1
3.8666666666666667,92,6.406562650501697,0.45689655172413796,0.29310344827586204,0.20689655172413793,131.7518331074787,1
4.166666666666667,93,6.4356669846101715,0.432,0.288,0.232,124.21684778949539,1
0.7666666666666667,21,4.349648912578752,0.17391304347826086,0.5217391304347826,0.30434782608695654,99.5219221532366,0
1.3333333333333333,32,4.921928094887362,0.325,0.275,0.35,77.65955308048224,0
1.9,46,5.433681461495202,0.17543859649122806,0.47368421052631576,0.2807017543859649,113.74806543615082,0
1.1666666666666667,27,4.65057194545458,0.2,0.5714285714285714,0.2,70.24340430429652,0
1.4666666666666666,34,4.987729629951762,0.2727272727272727,0.29545454545454547,0.38636363636363635,95.71111119876792,0
1.5666666666666667,40,5.240655075035864,0.3191489361702128,0.2978723404255319,0.3191489361702128,158.38918653524058,0
1.1333333333333333,31,4.8887896794220005,0.35294117647058826,0.3235294117647059,0.3235294117647059,155.56647260013162,0
1.9,44,5.363506022898712,0.3157894736842105,0.2982456140350877,0.3333333333333333,90.45927493834489,0
3.6333333333333333,81,6.196948888937562,0.44036697247706424,0.3486238532110092,0.1651376146788991,81.92690981122743,1
1.8666666666666667,45,5.401017645233261,0.23214285714285715,0.35714285714285715,0.3392857142857143,140.62708764073255,0
0.8,21,4.334962500721156,0.3333333333333333,0.20833333333333334,0.375,143.73469322824758,0
3.8,73,5.968824282024236,0.49122807017543857,0.2543859649122807,0.21052631578947367,130.73472083476284,1
4.733333333333333,93,6.3748238799461765,0.44366197183098594,0.28169014084507044,0.22535211267605634,108.04396264526231,1
3.9,70,5.966309698123421,0.26495726495726496,0.38461538461538464,0.2905982905982906,103.03037778873887,0
4.433333333333334,102,6.547690142235576,0.5413533834586466,0.2556390977443609,0.15789473684210525,87.72542088131075,1
3.6666666666666665,91,6.415317327102025,0.34545454545454546,0.44545454545454544,0.19090909090909092,84.72363651516103,1
1.4666666666666666,40,5.277613436819114,0.3181818181818182,0.29545454545454547,0.3409090909090909,127.36627935274299,0
3.5,81,6.235534446175731,0.3619047619047619,0.38095238095238093,0.20952380952380953,65.75278633305726,1
3.033333333333333,67,5.930549310385723,0.46153846153846156,0.2967032967032967,0.21978021978021978,76.83395615402465,1
1.3333333333333333,35,5.0719280948873635,0.35,0.225,0.375,90.5970763798487,0
1.6666666666666667,44,5.403856189774726,0.2,0.4,0.3,63.622445280988536,0
1.6666666666666667,38,5.108758439731457,0.3,0.26,0.38,93.55387346046163,0
3.1,70,6.003949805615374,0.43010752688172044,0.3333333333333333,0.1935483870967742,128.51354362962599,1
3.1,70,5.985290262674407,0.3225806451612903,0.3655913978494624,0.22580645161290322,127.45153979578943,1
1.6,37,5.110902344426086,0.2916666666666667,0.4375,0.22916666666666666,86.35635427586993,0
0.9,26,4.6808134280893965,0.4444444444444444,0.2222222222222222,0.2962962962962963,94.31604809314821,0
0.8333333333333334,23,4.4838561897747224,0.2,0.44,0.32,147.26350495051867,0
3.2333333333333334,81,6.233832687503353,0.41237113402061853,0.30927835051546393,0.2268041237113402,116.722689994056,1
3.7666666666666666,65,5.854174400503059,0.3008849557522124,0.39823008849557523,0.24778761061946902,124.03652242207686,0
0.9333333333333333,21,4.253434386188785,0.25,0.35714285714285715,0.32142857142857145,183.36571780052213,0
1.8,44,5.370537733604885,0.3333333333333333,0.3148148148148148,0.3148148148148148,86.20292115623053,0
1.6333333333333333,42,5.328995558400923,0.30612244897959184,0.2653061224489796,0.3877551020408163,84.33212504379674,0
3.9,89,6.3659241212188356,0.3418803418803419,0.27350427350427353,0.3247863247863248,101.54067320009612,1
0.7333333333333333,19,4.186704345910023,0.22727272727272727,0.4090909090909091,0.2727272727272727,180.74440777148664,0
3.3666666666666667,78,6.1371303888598,0.45544554455445546,0.24752475247524752,0.24752475247524752,124.16823994749785,1
4.533333333333333,89,6.322469458770133,0.4264705882352941,0.27205882352941174,0.19852941176470587,147.4311464367312,1
3.1666666666666665,69,5.982756266111817,0.43157894736842106,0.3473684210526316,0.18947368421052632,100.00929843035675,1
4.766666666666667,95,6.427046249229643,0.3706293706293706,0.3356643356643357,0.24475524475524477,111.73729133986319,1
1.9333333333333333,45,5.3836745295357264,0.3103448275862069,0.3275862068965517,0.29310344827586204,135.5550423682659,0
4.233333333333333,84,6.2218809231087455,0.3464566929133858,0.3464566929133858,0.2677165354330709,109.70504427870955,1
1.9666666666666666,48,5.471377583150136,0.22033898305084745,0.3898305084745763,0.3220338983050847,79.87359249420346,0
1.6333333333333333,39,5.206546578809087,0.2653061224489796,0.42857142857142855,0.2653061224489796,105.15604100415574,0
1.4,38,5.201841232302572,0.23809523809523808,0.2619047619047619,0.40476190476190477,92.87247059414955,0
3.566666666666667,71,5.968056822829519,0.2803738317757009,0.3177570093457944,0.37383177570093457,133.32523453511698,0
1.6666666666666667,41,5.253660689688188,0.3,0.3,0.38,81.37336580873684,0
3.933333333333333,84,6.26159040092841,0.4152542372881356,0.3135593220338983,0.2288135593220339,142.96116038096633,1
3.9,72,5.990930078646815,0.4700854700854701,0.2905982905982906,0.20512820512820512,120.64984728659738,1
3.3333333333333335,68,5.94611181466656,0.28,0.3,0.37,118.46667367747034,0
1.5666666666666667,37,5.129056936784022,0.3617021276595745,0.3191489361702128,0.2553191489361702,94.58743173761593,0
1.3666666666666667,33,4.967308102179057,0.24390243902439024,0.36585365853658536,0.36585365853658536,119.6512858088634,0
3.2666666666666666,77,6.170732548152694,0.32653061224489793,0.35714285714285715,0.2755102040816326,110.74874098070332,1
2.8333333333333335,64,5.882862847876957,0.32941176470588235,0.2823529411764706,0.3411764705882353,107.18065159476552,1
4.666666666666667,96,6.457575159678491,0.40714285714285714,0.18571428571428572,0.35714285714285715,112.18421992027024,1
1.9666666666666666,42,5.267987752641662,0.3220338983050847,0.3220338983050847,0.22033898305084745,156.57830022858272,0
2.533333333333333,56,5.649114684439287,0.2894736842105263,0.35526315789473684,0.27631578947368424,127.18677571465257,1
0.7333333333333333,20,4.277613436819114,0.4090909090909091,0.36363636363636365,0.13636363636363635,49.90356628745122,0
2.2666666666666666,49,5.506436738245534,0.3088235294117647,0.29411764705882354,0.3382352941176471,117.72606977341795,0
3.5,67,5.8782984937535705,0.2571428571428571,0.3523809523809524,0.3142857142857143,123.22144090750668,0
1.5666666666666667,40,5.240655075035864,0.2765957446808511,0.40425531914893614,0.2978723404255319,126.58030557657708,0
3.3666666666666667,70,5.9797033143064295,0.25742574257425743,0.4752475247524752,0.2079207920792079,121.65699180668231,0
3.6666666666666665,80,6.176547667952112,0.4727272727272727,0.3181818181818182,0.17272727272727273,160.30255584649527,1
0.9,26,4.6808134280893965,0.4074074074074074,0.3333333333333333,0.2222222222222222,151.5099278606946,0
4.3,94,6.40247279795828,0.3023255813953488,0.35658914728682173,0.29457364341085274,105.40295491714441,1
0.8666666666666667,25,4.623516641218014,0.5,0.34615384615384615,0.15384615384615385,87.82266696789596,0
4.166666666666667,99,6.531666984610172,0.464,0.28,0.208,101.98310820156365,1
3.8666666666666667,78,6.146521296739801,0.25862068965517243,0.3103448275862069,0.35344827586206895,105.56367229702596,0
3.7,81,6.222255731175996,0.42342342342342343,0.2972972972972973,0.2072072072072072,166.38879937240753,1
3.433333333333333,71,6.021167274630014,0.42718446601941745,0.3106796116504854,0.20388349514563106,119.06515174632625,1
1.9666666666666666,44,5.327475464579406,0.22033898305084745,0.5084745762711864,0.2711864406779661,104.820050959598,0
2.2666666666666666,52,5.572469458770138,0.3235294117647059,0.3088235294117647,0.3235294117647059,102.9854079178947,0
3.533333333333333,82,6.246603945047586,0.5471698113207547,0.19811320754716982,0.2358490566037736,84.26172525319382,1
4.233333333333333,89,6.36856746234568,0.3937007874015748,0.2992125984251969,0.2755905511811024,107.71408489171095,1
4.0,90,6.365061012203078,0.44166666666666665,0.25833333333333336,0.275,115.39693503972984,1
3.3333333333333335,66,5.878562939644925,0.34,0.33,0.29,130.51884140504924,0
1.3,31,4.875145808605837,0.358974358974359,0.358974358974359,0.20512820512820512,91.19973041334299,0
1.8666666666666667,47,5.485926350629037,0.3392857142857143,0.35714285714285715,0.2857142857142857,174.75618412552825,0
1.0333333333333334,28,4.760647923290102,0.41935483870967744,0.3548387096774194,0.16129032258064516,117.29054847505911,0
3.8,66,5.86013691776491,0.30701754385964913,0.3508771929824561,0.2982456140350877,152.9919772504493,0
4.4,96,6.4326146685844865,0.4696969696969697,0.2727272727272727,0.2196969696969697,123.29371331334124,1
1.7333333333333334,42,5.2867901988271155,0.19230769230769232,0.38461538461538464,0.38461538461538464,139.7327754005187,0
2.966666666666667,70,6.0402852567847924,0.33707865168539325,0.3258426966292135,0.29213483146067415,100.86767471990233,1
0.8333333333333334,24,4.5638561897747225,0.24,0.48,0.28,58.35399185119997,0
3.8333333333333335,73,6.040887224744549,0.23478260869565218,0.3826086956521739,0.3130434782608696,117.21810552201512,0
1.2333333333333334,29,4.756618568273184,0.2972972972972973,0.21621621621621623,0.4864864864864865,88.35792581060791,0
2.1,48,5.477124764701078,0.2698412698412698,0.38095238095238093,0.31746031746031744,137.87465236638823,0
1.0666666666666667,29,4.8125,0.3125,0.375,0.21875,123.54384131757921,0
3.6,75,6.108827895581818,0.2962962962962963,0.42592592592592593,0.25925925925925924,130.03747996902376,0
1.5666666666666667,37,5.08650374529466,0.2553191489361702,0.2765957446808511,0.44680851063829785,148.0855867557732,0
0.9333333333333333,24,4.52164063634332,0.25,0.42857142857142855,0.32142857142857145,187.17139768194667,0
3.5,68,5.951968374644139,0.2857142857142857,0.3904761904761905,0.2571428571428571,120.15830538549338,0
2.2,54,5.680757755722096,0.3181818181818182,0.42424242424242425,0.24242424242424243,91.71177163412709,0
3.8333333333333335,87,6.338840811757508,0.43478260869565216,0.3652173913043478,0.14782608695652175,89.37890401119387,1
0.6666666666666666,18,4.1219280948873624,0.4,0.3,0.3,146.62641053904747,0
0.8666666666666667,25,4.623516641218014,0.4230769230769231,0.34615384615384615,0.19230769230769232,136.5805402130704,0
5.066666666666666,94,6.40382381262912,0.40789473684210525,0.3223684210526316,0.23026315789473684,109.90948368924833,1
4.433333333333334,94,6.403184270439531,0.40601503759398494,0.2857142857142857,0.2556390977443609,130.1857822648092,1
1.2333333333333334,34,5.047291203466791,0.35135135135135137,0.2972972972972973,0.2972972972972973,65.69972065912144,0
3.966666666666667,81,6.160497780238581,0.4117647058823529,0.2773109243697479,0.25210084033613445,126.12667078849874,1
3.1666666666666665,73,6.082859160894206,0.3263157894736842,0.3894736842105263,0.21052631578947367,112.89470771051592,1
4.266666666666667,92,6.382659765557392,0.421875,0.3046875,0.234375,144.33872443992303,1
3.6333333333333333,83,6.26341781093606,0.3761467889908257,0.28440366972477066,0.30275229357798167,115.0263814922825,1
1.8666666666666667,45,5.414497779200465,0.32142857142857145,0.42857142857142855,0.23214285714285715,91.16986996659041,0
4.2,93,6.407641530556926,0.4126984126984127,0.3492063492063492,0.16666666666666666,122.62757408613875,1
2.8,65,5.921962958441536,0.39285714285714285,0.23809523809523808,0.30952380952380953,127.40506030500279,1
2.7666666666666666,64,5.899018045752628,0.1927710843373494,0.3614457831325301,0.3373493975903614,119.65286471284416,0
0.7,19,4.201841232302569,0.3333333333333333,0.38095238095238093,0.2857142857142857,153.61003437235755,0
4.033333333333333,92,6.42704691492479,0.4049586776859504,0.2975206611570248,0.24793388429752067,103.44012888938587,1
3.1666666666666665,65,5.87749310821708,0.3157894736842105,0.30526315789473685,0.30526315789473685,81.84463881992473,0
2.8,59,5.7431587916718465,0.2857142857142857,0.38095238095238093,0.2976190476190476,97.1405494524501,0
3.2333333333333334,74,6.0895027905961365,0.4639175257731959,0.24742268041237114,0.21649484536082475,120.00373287014253,1
3.2,63,5.829448698502608,0.34375,0.3020833333333333,0.28125,86.07716077297172,0
0.8666666666666667,24,4.5465935642949376,0.3076923076923077,0.4230769230769231,0.15384615384615385,21.143655556246436,0
3.8333333333333335,94,6.467144181341541,0.4434782608695652,0.26956521739130435,0.21739130434782608,85.27546988652328,1
3.533333333333333,68,5.942220336495792,0.27358490566037735,0.29245283018867924,0.4056603773584906,121.13512608533603,0
1.5666666666666667,41,5.283208266525225,0.2127659574468085,0.3191489361702128,0.46808510638297873,112.59555601161581,0
3.966666666666667,89,6.371585305270209,0.42016806722689076,0.29411764705882354,0.23529411764705882,90.58971136217026,1
1.9333333333333333,44,5.375222374437915,0.25862068965517243,0.41379310344827586,0.22413793103448276,182.17258016570156,0
1.2,31,4.892147223664533,0.19444444444444445,0.3055555555555556,0.4166666666666667,75.07684148887772,0
2.4,54,5.6384713555188375,0.2638888888888889,0.4305555555555556,0.2361111111111111,95.846201170093,0
2.2,49,5.464626505623756,0.21212121212121213,0.4393939393939394,0.30303030303030304,94.27367256438302,0
2.566666666666667,53,5.604194982140957,0.22077922077922077,0.42857142857142855,0.3246753246753247,100.22060504391025,0
0.9,24,4.532665279941249,0.25925925925925924,0.4074074074074074,0.2962962962962963,87.84907372138613,0
3.5,67,5.872306203438422,0.47619047619047616,0.29523809523809524,0.20952380952380953,135.18127355087233,1
2.466666666666667,64,5.928981912897016,0.44594594594594594,0.2972972972972973,0.17567567567567569,167.07084249811552,1
2.1,50,5.5645815108015055,0.31746031746031744,0.30158730158730157,0.31746031746031744,143.85684420263186,0
3.6666666666666665,74,6.0674567588612,0.2909090909090909,0.32727272727272727,0.32727272727272727,97.42162279084943,0
4.466666666666667,97,6.485682940377048,0.3880597014925373,0.3656716417910448,0.20149253731343283,102.35415622495175,1
4.733333333333333,98,6.455878633497775,0.323943661971831,0.3591549295774648,0.24647887323943662,116.85281196422834,1
4.5,96,6.450672448806534,0.4222222222222222,0.2740740740740741,0.26666666666666666,120.1328935558088,1
3.533333333333333,72,6.0025067471143165,0.4339622641509434,0.33962264150943394,0.18867924528301888,110.27323053707303,1
3.466666666666667,80,6.217125655578692,0.33653846153846156,0.3269230769230769,0.25,113.75147338312945,1
3.533333333333333,78,6.178253827143472,0.4056603773584906,0.32075471698113206,0.22641509433962265,97.81871149490951,1
5.0,110,6.62789225391309,0.37333333333333335,0.2866666666666667,0.3,129.1094792122489,1
4.0,87,6.302479553833686,0.3416666666666667,0.31666666666666665,0.275,105.7506633255365,1
0.7,21,4.39231742277876,0.3333333333333333,0.3333333333333333,0.2857142857142857,137.7255002595006,0
2.5,56,5.665289857076013,0.3466666666666667,0.32,0.30666666666666664,80.11903097941726,0
1.3333333333333333,34,5.021928094887363,0.4,0.275,0.325,157.49659701189196,0
3.0,67,5.963966707392702,0.4666666666666667,0.18888888888888888,0.32222222222222224,148.07268457706056,1
0.9,25,4.606739354015323,0.4444444444444444,0.2962962962962963,0.2222222222222222,155.0551785401691,0
3.8333333333333335,80,6.175754833477825,0.4782608695652174,0.2782608695652174,0.19130434782608696,125.6585118041926,1
2.3666666666666667,55,5.677778457471904,0.29577464788732394,0.38028169014084506,0.30985915492957744,133.43396238192162,0
2.966666666666667,70,6.009331464625652,0.3707865168539326,0.4044943820224719,0.19101123595505617,163.37160717231393,1
4.266666666666667,96,6.45488720694674,0.4375,0.3046875,0.203125,121.15076979846744,1
3.8,86,6.328418303600475,0.40350877192982454,0.32456140350877194,0.22807017543859648,99.34792270406034,1
1.1666666666666667,31,4.900711588373535,0.22857142857142856,0.4857142857142857,0.2571428571428571,129.73625470969648,0
3.8333333333333335,87,6.314885268260436,0.4608695652173913,0.22608695652173913,0.28695652173913044,121.79445639647537,1
1.9666666666666666,46,5.429170379833644,0.288135593220339,0.423728813559322,0.2542372881355932,91.91836927866116,0
2.8,71,6.073806857276814,0.39285714285714285,0.2857142857142857,0.27380952380952384,105.68498656240237,1
0.8,23,4.501629167387823,0.4166666666666667,0.3333333333333333,0.20833333333333334,58.50853714524199,0
4.066666666666666,93,6.424389489113573,0.36885245901639346,0.27049180327868855,0.319672131147541,110.75279695129167,1
4.033333333333333,92,6.398040509930353,0.45454545454545453,0.2892561983471074,0.18181818181818182,122.59145255726203,1
3.3333333333333335,67,5.913660689688194,0.24,0.38,0.36,148.21281406505113,0
1.0333333333333334,24,4.478232197413861,0.12903225806451613,0.3548387096774194,0.4838709677419355,102.0919922430142,0
1.5,37,5.136297540774118,0.24444444444444444,0.4444444444444444,0.26666666666666666,70.62032930371909,0
4.533333333333333,104,6.545003741906088,0.41911764705882354,0.2647058823529412,0.27205882352941174,110.37213581876428,1
2.5,60,5.818753523800372,0.36,0.26666666666666666,0.32,162.65516501036987,0
2.433333333333333,58,5.758183805396092,0.2876712328767123,0.3561643835616438,0.3013698630136986,101.296335795287,0
4.366666666666666,93,6.387398646704701,0.48854961832061067,0.24427480916030533,0.20610687022900764,107.33031585158295,1
4.533333333333333,104,6.600222675761436,0.41911764705882354,0.27941176470588236,0.27205882352941174,116.5168554230831,1
0.7333333333333333,21,4.368522527728205,0.36363636363636365,0.36363636363636365,0.22727272727272727,276.8103797339889,0
4.2,94,6.429505717082035,0.36507936507936506,0.3253968253968254,0.2777777777777778,90.66796217845159,1
1.8666666666666667,45,5.401017645233259,0.21428571428571427,0.375,0.32142857142857145,171.97492985705006,0
3.7333333333333334,79,6.153031596029525,0.45535714285714285,0.30357142857142855,0.17857142857142858,133.78662430278334,1
2.8333333333333335,56,5.650222406573223,0.3058823529411765,0.36470588235294116,0.29411764705882354,113.58596384705346,0
3.6333333333333333,71,6.031811274258663,0.22935779816513763,0.4036697247706422,0.3211009174311927,141.0860465103287,0
1.1333333333333333,30,4.852168723603279,0.4411764705882353,0.35294117647058826,0.17647058823529413,142.06320550057876,0
1.4333333333333333,34,5.0076601035393065,0.3953488372093023,0.20930232558139536,0.2558139534883721,155.87362887607867,0
3.5,72,6.0209694460521055,0.37142857142857144,0.3333333333333333,0.2571428571428571,102.30640809576222,0
5.133333333333334,106,6.573319089269774,0.44805194805194803,0.3181818181818182,0.2012987012987013,87.77017941380848,1
3.2333333333333334,67,5.8974492804611796,0.422680412371134,0.30927835051546393,0.21649484536082475,168.18764802657157,0
3.466666666666667,70,6.003042362247051,0.375,0.3173076923076923,0.27884615384615385,124.48445946316177,1
2.533333333333333,59,5.750895440932836,0.2631578947368421,0.3026315789473684,0.3815789473684211,114.11373057532528,0
2.7,60,5.778000928757125,0.30864197530864196,0.2839506172839506,0.37037037037037035,124.87165896129046,0
1.9,51,5.609120057986431,0.3508771929824561,0.3157894736842105,0.2982456140350877,110.47472095413943,0
1.1333333333333333,29,4.7711426205984715,0.35294117647058826,0.29411764705882354,0.3235294117647059,85.52059454063152,0
4.433333333333334,99,6.509949164726901,0.42857142857142855,0.3007518796992481,0.22556390977443608,168.17621440923065,1
4.3,95,6.414176480162365,0.5116279069767442,0.17054263565891473,0.2713178294573643,108.49343103258325,1
2.1,47,5.445378732955048,0.31746031746031744,0.38095238095238093,0.2698412698412698,104.02593274576256,0
1.9,48,5.517100540480526,0.3508771929824561,0.3157894736842105,0.2982456140350877,92.09694609612446,0
1.4666666666666666,36,5.095795255000932,0.29545454545454547,0.4090909090909091,0.29545454545454547,95.36547945586419,0
1.8333333333333333,47,5.463000167991439,0.09090909090909091,0.4909090909090909,0.36363636363636365,119.56334385826888,0
3.933333333333333,95,6.480017837460758,0.4067796610169492,0.3305084745762712,0.211864406779661,178.94587360537548,1
4.366666666666666,100,6.537090558723302,0.45038167938931295,0.3511450381679389,0.16030534351145037,144.82498873505835,1
0.7333333333333333,18,4.095795255000932,0.2727272727272727,0.36363636363636365,0.2727272727272727,195.46430671778504,0
1.2333333333333334,32,4.939183095358683,0.2972972972972973,0.4594594594594595,0.1891891891891892,85.24703913003557,0
1.6333333333333333,40,5.231957037948607,0.3469387755102041,0.30612244897959184,0.2857142857142857,123.52464860190155,0
1.0,26,4.640223928941852,0.2,0.4,0.3,137.9871235152303,0
4.333333333333333,90,6.350950793681193,0.45384615384615384,0.23846153846153847,0.24615384615384617,133.78953285723907,1
2.5,54,5.638623190409346,0.3333333333333333,0.30666666666666664,0.32,152.22246833073817,0
2.8333333333333335,58,5.720810641867341,0.23529411764705882,0.3764705882352941,0.32941176470588235,109.76770176415793,0
1.7666666666666666,42,5.284339794104198,0.2830188679245283,0.41509433962264153,0.3018867924528302,91.18797690575948,0
3.0,64,5.818195424295327,0.28888888888888886,0.32222222222222224,0.35555555555555557,93.75231159540252,0
1.2333333333333334,34,5.047291203466791,0.2702702702702703,0.3783783783783784,0.32432432432432434,100.53816588853586,0
1.0333333333333334,28,4.760647923290102,0.41935483870967744,0.2903225806451613,0.25806451612903225,102.36099524651733,0
1.1666666666666667,31,4.900711588373535,0.2857142857142857,0.5142857142857142,0.2,179.1538230279081,0
2.6,60,5.81418571242426,0.3717948717948718,0.3076923076923077,0.28205128205128205,136.51230497193944,0
1.4666666666666666,38,5.186704345910022,0.36363636363636365,0.18181818181818182,0.4318181818181818,92.04040001936916,0
3.5,76,6.140296350937637,0.3904761904761905,0.3523809523809524,0.18095238095238095,107.50970506547593,1
1.9666666666666666,46,5.416375676407143,0.3389830508474576,0.3389830508474576,0.2711864406779661,132.3974889128304,0
1.5,37,5.119522262948263,0.4,0.17777777777777778,0.37777777777777777,134.56339310582598,0
1.5666666666666667,38,5.171610128273384,0.425531914893617,0.2765957446808511,0.2553191489361702,162.06978989411377,0
4.533333333333333,100,6.500886094847269,0.5,0.27205882352941174,0.19117647058823528,116.63761304269579,1
2.8666666666666667,59,5.731213155739106,0.32558139534883723,0.26744186046511625,0.3372093023255814,135.34372750194032,0
3.6333333333333333,73,5.997183407186943,0.3669724770642202,0.3669724770642202,0.23853211009174313,75.15683919655056,0
1.2,32,4.947702779220088,0.3333333333333333,0.3611111111111111,0.2222222222222222,55.783707393876924,0
3.3333333333333335,82,6.2763073147531,0.46,0.33,0.16,172.53390729262483,1
2.6666666666666665,58,5.6936198135562295,0.225,0.4125,0.325,135.47662064634562,0
0.8333333333333334,23,4.483856189774723,0.36,0.2,0.36,90.82367933569513,0
5.066666666666666,90,6.2855727043986125,0.42105263157894735,0.28289473684210525,0.23026315789473684,96.0093538854704,1
3.8666666666666667,88,6.34919177091503,0.3879310344827586,0.33620689655172414,0.25,140.18040917439424,1
2.8,59,5.752145547649983,0.21428571428571427,0.38095238095238093,0.32142857142857145,102.31572525152795,0
1.5,39,5.2084111518371525,0.2222222222222222,0.3333333333333333,0.37777777777777777,128.74840188456577,0
1.2333333333333334,34,5.04729120346679,0.1891891891891892,0.32432432432432434,0.40540540540540543,222.08209662541412,0
3.1333333333333333,66,5.897413984541281,0.4148936170212766,0.3404255319148936,0.2127659574468085,179.72288731875818,1
0.9333333333333333,25,4.593069207771891,0.35714285714285715,0.39285714285714285,0.25,97.4955612881595,0
0.7666666666666667,21,4.349648912578752,0.34782608695652173,0.391304347826087,0.21739130434782608,104.91921308824651,0
1.2333333333333334,32,4.918780730435344,0.21621621621621623,0.43243243243243246,0.2972972972972973,50.6241541371937,0
1.0,25,4.573557262275186,0.26666666666666666,0.26666666666666666,0.36666666666666664,81.57281754420066,0
0.8333333333333334,23,4.4838561897747224,0.16,0.56,0.2,116.14920098596716,0
3.2333333333333334,75,6.102339001914035,0.5567010309278351,0.25773195876288657,0.14432989690721648,163.27494144300914,1
0.9,24,4.532665279941249,0.3333333333333333,0.3333333333333333,0.3333333333333333,133.8625823148672,0
1.0333333333333334,27,4.696131794257844,0.22580645161290322,0.3225806451612903,0.3870967741935484,184.27894124610816,0
1.8333333333333333,46,5.440361758939867,0.34545454545454546,0.38181818181818183,0.2545454545454545,156.93029667942488,0
1.1333333333333333,32,4.969815782426808,0.2647058823529412,0.2647058823529412,0.4411764705882353,105.48648889594415,0
4.033333333333333,89,6.347628398607132,0.38016528925619836,0.371900826446281,0.17355371900826447,101.44627207632335,1
1.2333333333333334,35,5.101345257520845,0.2702702702702703,0.35135135135135137,0.3783783783783784,175.8941299462534,0
1.8666666666666667,46,5.423251796980342,0.23214285714285715,0.48214285714285715,0.25,152.90642412516132,0
1.5333333333333334,39,5.219214129970054,0.32608695652173914,0.2608695652173913,0.34782608695652173,178.24548273347915,0
3.1333333333333333,68,5.9773052079915665,0.4574468085106383,0.3191489361702128,0.20212765957446807,128.3977866675632,1
3.1666666666666665,77,6.175015871443295,0.3473684210526316,0.3157894736842105,0.21052631578947367,163.74288065180593,1
3.6666666666666665,73,5.991415595437562,0.4818181818181818,0.3181818181818182,0.17272727272727273,99.1027311558724,1
4.466666666666667,86,6.286019600808664,0.5149253731343284,0.291044776119403,0.12686567164179105,145.8077162585306,1
4.866666666666666,89,6.257542819575534,0.4657534246575342,0.3219178082191781,0.19863013698630136,133.93383986980723,1
1.5333333333333334,39,5.202803532096936,0.21739130434782608,0.5,0.2826086956521739,134.68398591494363,0
4.366666666666666,85,6.244695424953851,0.5725190839694656,0.17557251908396945,0.17557251908396945,152.52017368532827,1
2.7666666666666666,70,6.043596359005642,0.3373493975903614,0.30120481927710846,0.3132530120481928,132.5702535774524,1
1.2,29,4.781036112553421,0.3333333333333333,0.4166666666666667,0.19444444444444445,227.15751992403466,0
1.7666666666666666,43,5.33631880357898,0.3584905660377358,0.22641509433962265,0.2830188679245283,133.93499375327207,0
3.566666666666667,76,6.126752617141165,0.4672897196261682,0.2897196261682243,0.205607476635514,130.1866380094087,1
4.4,87,6.3036786836704435,0.4393939393939394,0.26515151515151514,0.23484848484848486,114.54085903466962,1
1.5,37,5.119522262948262,0.3333333333333333,0.26666666666666666,0.3111111111111111,133.91563520559663,0
1.2666666666666666,33,4.984769618706745,0.2631578947368421,0.23684210526315788,0.47368421052631576,92.5324143381547,0
3.533333333333333,81,6.227736020519283,0.36792452830188677,0.33962264150943394,0.2358490566037736,107.86885538428264,1
3.1333333333333333,66,5.91869058028596,0.30851063829787234,0.3404255319148936,0.3191489361702128,120.03234242208633,0
1.7,41,5.265466763497704,0.3137254901960784,0.35294117647058826,0.2549019607843137,86.7029909504944,0
2.8333333333333335,56,5.659103436010441,0.3058823529411765,0.36470588235294116,0.2823529411764706,145.19422561629057,0
1.0666666666666667,26,4.601409765557392,0.3125,0.25,0.40625,150.5247268060587,0
0.7,19,4.201841232302569,0.23809523809523808,0.3333333333333333,0.38095238095238093,198.6479649959492,0
1.2,29,4.781036112553422,0.3333333333333333,0.4166666666666667,0.19444444444444445,56.17758700684707,0
0.9666666666666667,26,4.651084443403434,0.27586206896551724,0.4827586206896552,0.1724137931034483,166.2492581008118,0
1.2666666666666666,33,4.9847696187067445,0.34210526315789475,0.34210526315789475,0.2894736842105263,66.34682692083696,0
0.9,24,4.532665279941249,0.37037037037037035,0.2222222222222222,0.4074074074074074,100.0191874950629,0
4.2,94,6.433396391650868,0.373015873015873,0.30952380952380953,0.2777777777777778,138.9733746795397,1
1.2666666666666666,32,4.912272579176127,0.34210526315789475,0.3157894736842105,0.23684210526315788,118.69699311181904,0
1.8333333333333333,45,5.40399812257623,0.32727272727272727,0.36363636363636365,0.2727272727272727,93.79221897824297,0
4.333333333333333,90,6.350950793681193,0.4230769230769231,0.3,0.24615384615384617,140.37262836048336,1
1.6333333333333333,40,5.201145303166424,0.2653061224489796,0.30612244897959184,0.3877551020408163,79.33341587251807,0
2.8,58,5.722500011987209,0.39285714285714285,0.27380952380952384,0.2976190476190476,113.59243413270488,1
0.8666666666666667,23,4.46967048737186,0.23076923076923078,0.38461538461538464,0.3076923076923077,89.6006119760383,0
3.8,78,6.157279926369536,0.2894736842105263,0.3157894736842105,0.35964912280701755,149.88838496153684,0
3.7666666666666666,80,6.173988254374016,0.3274336283185841,0.30973451327433627,0.3274336283185841,87.41424497180725,0
1.8,47,5.495628242904209,0.25925925925925924,0.48148148148148145,0.2037037037037037,106.83224719982626,0
1.8333333333333333,45,5.353909258900529,0.2909090909090909,0.36363636363636365,0.21818181818181817,81.28379522748176,0
3.9,73,6.031570142767867,0.2564102564102564,0.3418803418803419,0.358974358974359,99.3132532421972,0
2.8333333333333335,59,5.729691671304559,0.3411764705882353,0.2823529411764706,0.3176470588235294,114.4888625298822,0
1.7333333333333334,44,5.378230343099489,0.25,0.28846153846153844,0.38461538461538464,172.49645412387594,0
3.466666666666667,75,6.053476136264712,0.40384615384615385,0.2692307692307692,0.2692307692307692,115.23888582323535,1
2.8666666666666667,58,5.680462830429801,0.3953488372093023,0.2441860465116279,0.3023255813953488,118.19292014665317,0
3.8333333333333335,78,6.1583635291299945,0.40869565217391307,0.2956521739130435,0.22608695652173913,92.8257278397617,1
1.4333333333333333,32,4.914636847725353,0.3023255813953488,0.27906976744186046,0.4186046511627907,113.8161426845611,0
0.9333333333333333,24,4.52164063634332,0.42857142857142855,0.35714285714285715,0.21428571428571427,39.94834914449091,0
3.066666666666667,60,5.762267390651498,0.29347826086956524,0.2826086956521739,0.3695652173913043,112.40422198350738,0
1.3666666666666667,35,5.046457187492143,0.4146341463414634,0.34146341463414637,0.21951219512195122,162.28754454895588,0
0.8,21,4.334962500721156,0.25,0.375,0.3333333333333333,140.93666013769823,0
